id_product,name
57801,MIROL Women's Sherpa Fleece Jacket Faux Fuzzy Long Sleeve Casual Zip Up Bomber Coat
57190,Casio F91W-1 Classic Resin Strap Digital Sport Watch
57817,NELEUS Women's 3 Pack Compression Base Layer Dry Fit Tank Top
56251,"Sumato Sunglasses Womens, Cat Eye Pink Sunglasses for Women with Mirrored Trendy Lens UV400 Blocking"
58505,"HOLDINA Womens Gloves with Touchscreen Fingers,Winter Gloves Women With Anti-Slip Leather,Fashion Cute Gloves for Women"
57117,Polarized Clip On Sunglasses Over Prescription Glasses Men Women Compact Fit Non-Flip Up
57411,"Russell Athletic Men's Dri-Power Fleece Hoodies & Sweatshirts, Moisture Wicking, Cotton Blend, Relaxed Fit, Sizes S-4X"
58113,Oalka Women's Joggers High Waist Yoga Pockets Sweatpants Sport Workout Pants
56408,NELEUS Women's 3 Pack Compression Shirts Long Sleeve Yoga Athletic Running T Shirt
58579,KKP Classic Square Polarized Sunglasses for Women Men Trendy Full Frame Sun Glasses Metal Shade Su9874
58254,"OrthoComfoot Men's Slip On Loafers,Arch Support Boat Shoes for Plantar Fasciitis,Canvas Leisure Vintage Flat Walking Orthopedic Shoes for Extra Cushioning and Pain Relief"
56052,Uoiuxc Women's Hooded Winter Coat Warm Fleeced Lined Parka Long Jackets
56644,"POPYOUNG Women's Long Sleeve T Shirt Dresses Casual Swing Dress XL, White Snakeshin"
57763,U.S. Polo Assn. Essentials Womens French Terry Joggers with Pockets â€“ Sweatpants for Women
58776,Zeta Socks Open Toe Inch Wide Calf Plus Size Compression 20-30 mmHg for Fatigue Pain Leg Swelling Soothing Comfy Gradient Support Prevents Edema DVT 1 Pair
56900,"OrthoComfoot Men's Loafers & Slip-ons,Plantar Fasciitis, Foot and Heel Pain Relief,Orthopedic Casual Slippers Diabetic Bunions Boat Shoes"
57073,NELEUS Men's 3 Pack Dry Fit Y-Back Muscle Tank Top
56472,Yuren Twist Ring for Women Fashion 925 sterling silver Stack Twisted Ring Cubic Zirconia Diamond Ring Wedding Party Women Jewelry Size 6-10 (Size 8)
58738,HIGHDAYS 3 Pack Plus Size Capri Leggings with Pockets for Women- High Waist 3X-Large-4X Workout Yoga Pants
58546,NELEUS Men's 3 Pack Athletic Compression Under Base Layer Sport Tank Top
56044,Womens Winter Leather Touchscreen Texting Warm Driving Lambskin Pure Genuine leather Gloves
56289,OZERO Waterproof Winter Gloves Men Women -30 â„‰ Cold Proof Touchscreen Anti Slip Silicon Palm - Heated Glove Thermal for Driving Cycling Motorcycle in Cold Weather Warmest Gifts for Dad
56912,Nimsruc Two Piece Outfits For Women Jogging Suits Casual Tracksuit
58083,YACUN Women Bodycon Dress Cocktail Work Half Sleeve Bow Tie Party Dresses
57360,NELEUS Women's 3 Pack Athletic Compression Long Sleeve T Shirt Dry Fit
